"Handle","Title","Body (HTML)","Vendor","Type","Tags","Published","Option1 Name","Option1 Value","Option2 Name","Option2 Value","Option3 Name","Option3 Value","Variant SKU","Variant Grams","Variant Inventory Tracker","Variant Inventory Qty","Variant Inventory Policy","Variant Fulfillment Service","Variant Price","Variant Compare At Price","Variant Requires Shipping","Variant Taxable","Variant Barcode","Image Src","Image Position","Image Alt Text","Gift Card","Variant Image","Variant Weight Unit","Variant Tax Code","Cost per item"
"zero-g-wirefree-lift-up-bra-buff","Zero-G Wirefree Lift Up Bra Buff","<div class=""shogun-root"" data-shogun-id=""5d2d0669ee35f1004ca1039a"" data-shogun-site-id=""66fc7df4-efb4-45d7-ab6b-492d70fd1bf2"" data-shogun-page-id=""5d2d0669ee35f1004ca1039a"" data-shogun-page-version-id=""5d2d0669ee35f1004ca1039b"" data-shogun-platform-type=""shopify"" data-shogun-variant-id=""5d2d0669ee35f1004ca103a1"" data-region=""main"">
<div id=""s-2545b4e8-dfd9-4dc6-a408-8b2f6378734f"">
<div data-region=""main"" data-shogun-variant-id=""5d2d0669ee35f1004ca103a1"" data-shogun-platform-type=""shopify"" data-shogun-page-version-id=""5d2d0669ee35f1004ca1039b"" data-shogun-page-id=""5d2d0669ee35f1004ca1039a"" data-shogun-site-id=""66fc7df4-efb4-45d7-ab6b-492d70fd1bf2"" data-shogun-id=""5d2d0669ee35f1004ca1039a"" class=""shogun-root"" data-mce-fragment=""1"">
<div id=""s-2545b4e8-dfd9-4dc6-a408-8b2f6378734f"" data-mce-fragment=""1"">
<meta charset=""utf-8""> <span>Get ultra flattering shape and sculpted lift without the underwire. This is a bra that truly lives up to its name. The Zero-G Wireless Lift Up Bra’s gravity-defying design means it stays in place, lifts you up and hugs your natural curves with zero gaps. Giving all-day comfort, shape and lift, Zero-G makes feeling extra a little more everyday.<br><br>This style is designed to fit more snugly. If you prefer a less-snug band fit, we recommend sizing up using our sister size chart. </span>Unsure? Try a few sizes on at home or <a href=""https://www.wearpepper.com/pages/pepper-size-quiz"" title=""Pepper Size Quiz"" data-mce-fragment=""1"" data-mce-href=""https://www.wearpepper.com/pages/pepper-size-quiz"">take our size quiz</a>.</div>
</div>
<div data-region=""main"" data-shogun-variant-id=""5d2d0669ee35f1004ca103a1"" data-shogun-platform-type=""shopify"" data-shogun-page-version-id=""5d2d0669ee35f1004ca1039b"" data-shogun-page-id=""5d2d0669ee35f1004ca1039a"" data-shogun-site-id=""66fc7df4-efb4-45d7-ab6b-492d70fd1bf2"" data-shogun-id=""5d2d0669ee35f1004ca1039a"" class=""shogun-root"" data-mce-fragment=""1"">
<div data-mce-fragment=""1"">
<br data-mce-fragment=""1"">
<p data-pm-slice=""1 1 []"" data-mce-fragment=""1"">Materials: <br>Body: <strong>75% Polyamide, 25% Elastane.</strong><br><br>Made sustainably in Colombia. <span data-mce-fragment=""1"">OEKO-TEX</span><strong data-mce-fragment=""1"">®<span data-mce-fragment=""1""> </span></strong><span data-mce-fragment=""1"">certified.</span></p>
</div>
</div>
</div>
</div>","Prointimo","Bra","bestseller, BFCM24, BFCM24SALE, BFCM_2023, bra_upsell, card_description: Our innovative wireless lift up bra for ultimate lift and maximum comfort, Color_Buff: #DCC5B7, faq_liftup, FW23, label_NEW STYLE_#9b2728, marketing_promo_core, mastectomy, Mix&Match, new_arrivals, no_upsell_discount, product_upsell_smooth-lace-bikini-buff, promo_eligible, push up, push up bra, size_chart, visible","2023-09-15T09:26:15-06:00","Size","30A","Color","Buff","Style","Buff","ZGW01BU30A",91,"shopify",,"deny","manual","65.00","0.00",,true,"840376404848","https://cdn.shopify.com/s/files/1/1951/2903/files/elenamudd_Buff_ZeroG_Sand_0906.jpg?v=1702943339",1,,,,"lb","PC040152",
"zero-g-wirefree-lift-up-bra-buff",,,,,,,"Size","30A","Color","Buff","Style","Buff","BRA035BU30A",91,"shopify",,"deny","manual","65.00","0.00",,true,"840376420060","https://cdn.shopify.com/s/files/1/1951/2903/files/elenamudd_Buff_ZeroG_Sand_0872.jpg?v=1702943335",2,,,,"lb","PC040152",
"zero-g-wirefree-lift-up-bra-buff",,,,,,,"Size","30B","Color","Buff","Style","Buff","ZGW01BU30B",91,"shopify",,"deny","manual","65.00","0.00",,true,"840376404855","https://cdn.shopify.com/s/files/1/1951/2903/files/elenamudd_Buff_ZeroG_Sand_0927.jpg?v=1702943338",3,,,,"lb","PC040152",
"zero-g-wirefree-lift-up-bra-buff",,,,,,,"Size","30B","Color","Buff","Style","Buff","BRA035BU30B",91,"shopify",,"deny","manual","65.00","0.00",,true,"840376420077","https://cdn.shopify.com/s/files/1/1951/2903/files/elenamudd_Buff_ZeroG_Sand_0949.jpg?v=1702943336",4,,,,"lb","PC040152",
"zero-g-wirefree-lift-up-bra-buff",,,,,,,"Size","32AA","Color","Buff","Style","Buff","ZGW01BU32AA",91,"shopify",,"deny","manual","65.00","0.00",,true,"840376404879","https://cdn.shopify.com/s/files/1/1951/2903/files/elenamudd_Buff_ZeroG_Sand_0953.jpg?v=1702943335",5,,,,"lb","PC040152",
"zero-g-wirefree-lift-up-bra-buff",,,,,,,"Size","32AA","Color","Buff","Style","Buff","BRA035BU32AA",91,"shopify",,"deny","manual","65.00","0.00",,true,"840376420091","https://cdn.shopify.com/s/files/1/1951/2903/files/ZERO-GWIREFREELIFT-UPBRA.jpg?v=1732051600",6,,,,"lb","PC040152",
"zero-g-wirefree-lift-up-bra-buff",,,,,,,"Size","32A","Color","Buff","Style","Buff","ZGW01BU32A",91,"shopify",,"deny","manual","65.00","0.00",,true,"840376404862",,,,,,"lb","PC040152",
"zero-g-wirefree-lift-up-bra-buff",,,,,,,"Size","32A","Color","Buff","Style","Buff","BRA035BU32A",91,"shopify",,"deny","manual","65.00","0.00",,true,"840376420084",,,,,,"lb","PC040152",
"zero-g-wirefree-lift-up-bra-buff",,,,,,,"Size","32B","Color","Buff","Style","Buff","ZGW01BU32B",91,"shopify",,"deny","manual","65.00","0.00",,true,"840376404886",,,,,,"lb","PC040152",
"zero-g-wirefree-lift-up-bra-buff",,,,,,,"Size","32B","Color","Buff","Style","Buff","BRA035BU32B",91,"shopify",,"deny","manual","65.00","0.00",,true,"840376420107",,,,,,"lb","PC040152",
"zero-g-wirefree-lift-up-bra-buff",,,,,,,"Size","34AA","Color","Buff","Style","Buff","ZGW01BU34AA",91,"shopify",,"deny","manual","65.00","0.00",,true,"840376404909",,,,,,"lb","PC040152",
"zero-g-wirefree-lift-up-bra-buff",,,,,,,"Size","34AA","Color","Buff","Style","Buff","BRA035BU34AA",91,"shopify",,"deny","manual","65.00","0.00",,true,"840376420121",,,,,,"lb","PC040152",
"zero-g-wirefree-lift-up-bra-buff",,,,,,,"Size","34A","Color","Buff","Style","Buff","ZGW01BU34A",91,"shopify",,"deny","manual","65.00","0.00",,true,"840376404893",,,,,,"lb","PC040152",
"zero-g-wirefree-lift-up-bra-buff",,,,,,,"Size","34A","Color","Buff","Style","Buff","BRA035BU34A",91,"shopify",,"deny","manual","65.00","0.00",,true,"840376420114",,,,,,"lb","PC040152",
"zero-g-wirefree-lift-up-bra-buff",,,,,,,"Size","34B","Color","Buff","Style","Buff","ZGW01BU34B",91,"shopify",,"deny","manual","65.00","0.00",,true,"840376404916",,,,,,"lb","PC040152",
"zero-g-wirefree-lift-up-bra-buff",,,,,,,"Size","34B","Color","Buff","Style","Buff","BRA035BU34B",91,"shopify",,"deny","manual","65.00","0.00",,true,"840376420138",,,,,,"lb","PC040152",
"zero-g-wirefree-lift-up-bra-buff",,,,,,,"Size","36AA","Color","Buff","Style","Buff","ZGW01BU36AA",91,"shopify",,"deny","manual","65.00","0.00",,true,"840376404930",,,,,,"lb","PC040152",
"zero-g-wirefree-lift-up-bra-buff",,,,,,,"Size","36AA","Color","Buff","Style","Buff","BRA035BU36AA",91,"shopify",,"deny","manual","65.00","0.00",,true,"840376420152",,,,,,"lb","PC040152",
"zero-g-wirefree-lift-up-bra-buff",,,,,,,"Size","36A","Color","Buff","Style","Buff","ZGW01BU36A",91,"shopify",,"deny","manual","65.00","0.00",,true,"840376404923",,,,,,"lb","PC040152",
"zero-g-wirefree-lift-up-bra-buff",,,,,,,"Size","36A","Color","Buff","Style","Buff","BRA035BU36A",91,"shopify",,"deny","manual","65.00","0.00",,true,"840376420145",,,,,,"lb","PC040152",
"zero-g-wirefree-lift-up-bra-buff",,,,,,,"Size","36B","Color","Buff","Style","Buff","ZGW01BU36B",91,"shopify",,"deny","manual","65.00","0.00",,true,"840376404947",,,,,,"lb","PC040152",
"zero-g-wirefree-lift-up-bra-buff",,,,,,,"Size","36B","Color","Buff","Style","Buff","BRA035BU36B",91,"shopify",,"deny","manual","65.00","0.00",,true,"840376420169",,,,,,"lb","PC040152",
"zero-g-wirefree-lift-up-bra-buff",,,,,,,"Size","38AA","Color","Buff","Style","Buff","ZGW01BU38AA",91,"shopify",,"deny","manual","65.00","0.00",,true,"840376404961",,,,,,"lb","PC040152",
"zero-g-wirefree-lift-up-bra-buff",,,,,,,"Size","38AA","Color","Buff","Style","Buff","BRA035BU38AA",91,"shopify",,"deny","manual","65.00","0.00",,true,"840376420183",,,,,,"lb","PC040152",
"zero-g-wirefree-lift-up-bra-buff",,,,,,,"Size","38A","Color","Buff","Style","Buff","ZGW01BU38A",91,"shopify",,"deny","manual","65.00","0.00",,true,"840376404954",,,,,,"lb","PC040152",
"zero-g-wirefree-lift-up-bra-buff",,,,,,,"Size","38A","Color","Buff","Style","Buff","BRA035BU38A",91,"shopify",,"deny","manual","65.00","0.00",,true,"840376420176",,,,,,"lb","PC040152",
"zero-g-wirefree-lift-up-bra-buff",,,,,,,"Size","38B","Color","Buff","Style","Buff","ZGW01BU38B",91,"shopify",,"deny","manual","65.00","0.00",,true,"840376404978",,,,,,"lb","PC040152",
"zero-g-wirefree-lift-up-bra-buff",,,,,,,"Size","38B","Color","Buff","Style","Buff","BRA035BU38B",91,"shopify",,"deny","manual","65.00","0.00",,true,"840376420190",,,,,,"lb","PC040152",
"zero-g-wirefree-lift-up-bra-buff",,,,,,,"Size","40AA","Color","Buff","Style","Buff","ZGW01BU40AA",91,"shopify",,"deny","manual","65.00","0.00",,true,"840376404992",,,,,,"lb","PC040152",
"zero-g-wirefree-lift-up-bra-buff",,,,,,,"Size","40AA","Color","Buff","Style","Buff","BRA035BU40AA",91,"shopify",,"deny","manual","65.00","0.00",,true,"840376420213",,,,,,"lb","PC040152",
"zero-g-wirefree-lift-up-bra-buff",,,,,,,"Size","40A","Color","Buff","Style","Buff","ZGW01BU40A",91,"shopify",,"deny","manual","65.00","0.00",,true,"840376404985",,,,,,"lb","PC040152",
"zero-g-wirefree-lift-up-bra-buff",,,,,,,"Size","40A","Color","Buff","Style","Buff","BRA035BU40A",91,"shopify",,"deny","manual","65.00","0.00",,true,"840376420206",,,,,,"lb","PC040152",
"zero-g-wirefree-lift-up-bra-buff",,,,,,,"Size","40B","Color","Buff","Style","Buff","ZGW01BU40B",91,"shopify",,"deny","manual","65.00","0.00",,true,"840376405005",,,,,,"lb","PC040152",
"zero-g-wirefree-lift-up-bra-buff",,,,,,,"Size","40B","Color","Buff","Style","Buff","BRA035BU40B",91,"shopify",,"deny","manual","65.00","0.00",,true,"840376420220",,,,,,"lb","PC040152",
"zero-g-wirefree-lift-up-bra-buff",,,,,,,"Size","42A","Color","Buff","Style","Buff","ZGW01BU42A",91,"shopify",,"deny","manual","65.00","0.00",,true,"840376405012",,,,,,"lb","PC040152",
"zero-g-wirefree-lift-up-bra-buff",,,,,,,"Size","42A","Color","Buff","Style","Buff","BRA035BU42A",91,"shopify",,"deny","manual","65.00","0.00",,true,"840376420237",,,,,,"lb","PC040152",
"zero-g-wirefree-lift-up-bra-black","Zero-G Wirefree Lift Up Bra Black","<div class=""shogun-root"" data-shogun-id=""5d2d0669ee35f1004ca1039a"" data-shogun-site-id=""66fc7df4-efb4-45d7-ab6b-492d70fd1bf2"" data-shogun-page-id=""5d2d0669ee35f1004ca1039a"" data-shogun-page-version-id=""5d2d0669ee35f1004ca1039b"" data-shogun-platform-type=""shopify"" data-shogun-variant-id=""5d2d0669ee35f1004ca103a1"" data-region=""main"">
<div id=""s-2545b4e8-dfd9-4dc6-a408-8b2f6378734f"">
<div data-region=""main"" data-shogun-variant-id=""5d2d0669ee35f1004ca103a1"" data-shogun-platform-type=""shopify"" data-shogun-page-version-id=""5d2d0669ee35f1004ca1039b"" data-shogun-page-id=""5d2d0669ee35f1004ca1039a"" data-shogun-site-id=""66fc7df4-efb4-45d7-ab6b-492d70fd1bf2"" data-shogun-id=""5d2d0669ee35f1004ca1039a"" class=""shogun-root"" data-mce-fragment=""1"">
<div id=""s-2545b4e8-dfd9-4dc6-a408-8b2f6378734f"" data-mce-fragment=""1"">
<meta charset=""utf-8""> <span>Get ultra flattering shape and sculpted lift without the underwire. This is a bra that truly lives up to its name. The Zero-G Wireless Lift Up Bra’s gravity-defying design means it stays in place, lifts you up and hugs your natural curves with zero gaps. Giving all-day comfort, shape and lift, Zero-G makes feeling extra a little more everyday.<br><br>This style is designed to fit more snugly. If you prefer a less-snug band fit, we recommend sizing up using our sister size chart. </span>Unsure? Try a few sizes on at home or <a href=""https://www.wearpepper.com/pages/pepper-size-quiz"" title=""Pepper Size Quiz"" data-mce-fragment=""1"" data-mce-href=""https://www.wearpepper.com/pages/pepper-size-quiz"">take our size quiz</a>.</div>
</div>
<div data-region=""main"" data-shogun-variant-id=""5d2d0669ee35f1004ca103a1"" data-shogun-platform-type=""shopify"" data-shogun-page-version-id=""5d2d0669ee35f1004ca1039b"" data-shogun-page-id=""5d2d0669ee35f1004ca1039a"" data-shogun-site-id=""66fc7df4-efb4-45d7-ab6b-492d70fd1bf2"" data-shogun-id=""5d2d0669ee35f1004ca1039a"" class=""shogun-root"" data-mce-fragment=""1"">
<div data-mce-fragment=""1"">
<br data-mce-fragment=""1"">
<p data-pm-slice=""1 1 []"" data-mce-fragment=""1"">Materials: <br>Body: <strong>75% Polyamide, 25% Elastane.</strong><br><br>Made sustainably in Colombia. <span data-mce-fragment=""1"">OEKO-TEX</span><strong data-mce-fragment=""1"">®<span data-mce-fragment=""1""> </span></strong><span data-mce-fragment=""1"">certified.</span></p>
</div>
</div>
</div>
</div>","Prointimo","Bra","available_option:Default, backup_option:Black, bestseller, Bestsellers Collection, BFCM24, BFCM24SALE, BFCM_2023, bra_upsell, card_description: Our innovative wireless lift up bra for ultimate lift and maximum comfort, Color_Black: #000000, faq_liftup, FW23, hide_if_not_available, is_product_upsell, marketing_promo_core, mastectomy, mastercolor, Memorial Day 2024, new_arrivals, no_upsell_discount, product_upsell_smooth-lace-bikini-black, promo_eligible, push up, push up bra, Push Up Collection, size_chart, swatches_selection, visible","2023-09-15T09:26:14-06:00","Size","30A","Color","Black","Style","Black","ZGW01BL30A",91,"shopify",,"deny","manual","65.00","0.00",,true,"840376404121","https://cdn.shopify.com/s/files/1/1951/2903/files/Zero-GWirefreeLiftUpBraBlackPepper_3062e1d4-96d9-4c17-882b-14400a2521db.jpg?v=1730323292",1,,,,"lb","PC040152",
"zero-g-wirefree-lift-up-bra-black",,,,,,,"Size","30A","Color","Black","Style","Black","BRA035BL30A",91,"shopify",,"deny","manual","65.00","0.00",,true,"840376418661","https://cdn.shopify.com/s/files/1/1951/2903/files/elenamudd_Black_ZeroG_Softlifebikini_1439.jpg?v=1702943346",2,,,,"lb","PC040152",
"zero-g-wirefree-lift-up-bra-black",,,,,,,"Size","30B","Color","Black","Style","Black","ZGW01BL30B",91,"shopify",,"deny","manual","65.00","0.00",,true,"840376404138","https://cdn.shopify.com/s/files/1/1951/2903/files/elenamudd_Black_ZeroG_Softlifebikini_1504.jpg?v=1702943343",3,,,,"lb","PC040152",
"zero-g-wirefree-lift-up-bra-black",,,,,,,"Size","30B","Color","Black","Style","Black","BRA035BL30B",91,"shopify",,"deny","manual","65.00","0.00",,true,"840376418678","https://cdn.shopify.com/s/files/1/1951/2903/files/elenamudd_Black_ZeroG_Softlifebikini_1530.jpg?v=1702943348",4,,,,"lb","PC040152",
"zero-g-wirefree-lift-up-bra-black",,,,,,,"Size","32A","Color","Black","Style","Black","ZGW01BL32A",91,"shopify",,"deny","manual","65.00","0.00",,true,"840376404145","https://cdn.shopify.com/s/files/1/1951/2903/files/ZERO-GWIREFREELIFT-UPBRA_74ff2088-20df-47ae-aab7-05d2999ef228.jpg?v=1732051600",5,,,,"lb","PC040152",
"zero-g-wirefree-lift-up-bra-black",,,,,,,"Size","32A","Color","Black","Style","Black","BRA035BL32A",91,"shopify",,"deny","manual","65.00","0.00",,true,"840376418685",,,,,,"lb","PC040152",
"zero-g-wirefree-lift-up-bra-black",,,,,,,"Size","32AA","Color","Black","Style","Black","ZGW01BL32AA",91,"shopify",,"deny","manual","65.00","0.00",,true,"840376404152",,,,,,"lb","PC040152",
"zero-g-wirefree-lift-up-bra-black",,,,,,,"Size","32AA","Color","Black","Style","Black","BRA035BL32AA",91,"shopify",,"deny","manual","65.00","0.00",,true,"840376418692",,,,,,"lb","PC040152",
"zero-g-wirefree-lift-up-bra-black",,,,,,,"Size","32B","Color","Black","Style","Black","ZGW01BL32B",91,"shopify",,"deny","manual","65.00","0.00",,true,"840376404169",,,,,,"lb","PC040152",
"zero-g-wirefree-lift-up-bra-black",,,,,,,"Size","32B","Color","Black","Style","Black","BRA035BL32B",91,"shopify",,"deny","manual","65.00","0.00",,true,"840376418708",,,,,,"lb","PC040152",
"zero-g-wirefree-lift-up-bra-black",,,,,,,"Size","34A","Color","Black","Style","Black","ZGW01BL34A",91,"shopify",,"deny","manual","65.00","0.00",,true,"840376404176",,,,,,"lb","PC040152",
"zero-g-wirefree-lift-up-bra-black",,,,,,,"Size","34A","Color","Black","Style","Black","BRA035BL34A",91,"shopify",,"deny","manual","65.00","0.00",,true,"840376418715",,,,,,"lb","PC040152",
"zero-g-wirefree-lift-up-bra-black",,,,,,,"Size","34AA","Color","Black","Style","Black","ZGW01BL34AA",91,"shopify",,"deny","manual","65.00","0.00",,true,"840376404183",,,,,,"lb","PC040152",
"zero-g-wirefree-lift-up-bra-black",,,,,,,"Size","34AA","Color","Black","Style","Black","BRA035BL34AA",91,"shopify",,"deny","manual","65.00","0.00",,true,"840376418722",,,,,,"lb","PC040152",
"zero-g-wirefree-lift-up-bra-black",,,,,,,"Size","34B","Color","Black","Style","Black","ZGW01BL34B",91,"shopify",,"deny","manual","65.00","0.00",,true,"840376404190",,,,,,"lb","PC040152",
"zero-g-wirefree-lift-up-bra-black",,,,,,,"Size","34B","Color","Black","Style","Black","BRA035BL34B",91,"shopify",,"deny","manual","65.00","0.00",,true,"840376418739",,,,,,"lb","PC040152",
"zero-g-wirefree-lift-up-bra-black",,,,,,,"Size","36A","Color","Black","Style","Black","ZGW01BL36A",91,"shopify",,"deny","manual","65.00","0.00",,true,"840376404206",,,,,,"lb","PC040152",
"zero-g-wirefree-lift-up-bra-black",,,,,,,"Size","36A","Color","Black","Style","Black","BRA035BL36A",91,"shopify",,"deny","manual","65.00","0.00",,true,"840376418746",,,,,,"lb","PC040152",
"zero-g-wirefree-lift-up-bra-black",,,,,,,"Size","36AA","Color","Black","Style","Black","ZGW01BL36AA",91,"shopify",,"deny","manual","65.00","0.00",,true,"840376404213",,,,,,"lb","PC040152",
"zero-g-wirefree-lift-up-bra-black",,,,,,,"Size","36AA","Color","Black","Style","Black","BRA035BL36AA",91,"shopify",,"deny","manual","65.00","0.00",,true,"840376418753",,,,,,"lb","PC040152",
"zero-g-wirefree-lift-up-bra-black",,,,,,,"Size","36B","Color","Black","Style","Black","ZGW01BL36B",91,"shopify",,"deny","manual","65.00","0.00",,true,"840376404220",,,,,,"lb","PC040152",
"zero-g-wirefree-lift-up-bra-black",,,,,,,"Size","36B","Color","Black","Style","Black","BRA035BL36B",91,"shopify",,"deny","manual","65.00","0.00",,true,"840376418760",,,,,,"lb","PC040152",
"zero-g-wirefree-lift-up-bra-black",,,,,,,"Size","38A","Color","Black","Style","Black","ZGW01BL38A",91,"shopify",,"deny","manual","65.00","0.00",,true,"840376404237",,,,,,"lb","PC040152",
"zero-g-wirefree-lift-up-bra-black",,,,,,,"Size","38A","Color","Black","Style","Black","BRA035BL38A",91,"shopify",,"deny","manual","65.00","0.00",,true,"840376418777",,,,,,"lb","PC040152",
"zero-g-wirefree-lift-up-bra-black",,,,,,,"Size","38AA","Color","Black","Style","Black","ZGW01BL38AA",91,"shopify",,"deny","manual","65.00","0.00",,true,"840376404244",,,,,,"lb","PC040152",
"zero-g-wirefree-lift-up-bra-black",,,,,,,"Size","38AA","Color","Black","Style","Black","BRA035BL38AA",91,"shopify",,"deny","manual","65.00","0.00",,true,"840376418784",,,,,,"lb","PC040152",
"zero-g-wirefree-lift-up-bra-black",,,,,,,"Size","38B","Color","Black","Style","Black","ZGW01BL38B",91,"shopify",,"deny","manual","65.00","0.00",,true,"840376404251",,,,,,"lb","PC040152",
"zero-g-wirefree-lift-up-bra-black",,,,,,,"Size","38B","Color","Black","Style","Black","BRA035BL38B",91,"shopify",,"deny","manual","65.00","0.00",,true,"840376418791",,,,,,"lb","PC040152",
"zero-g-wirefree-lift-up-bra-black",,,,,,,"Size","40AA","Color","Black","Style","Black","ZGW01BL40AA",91,"shopify",,"deny","manual","65.00","0.00",,true,"840376404275",,,,,,"lb","PC040152",
"zero-g-wirefree-lift-up-bra-black",,,,,,,"Size","40AA","Color","Black","Style","Black","BRA035BL40AA",91,"shopify",,"deny","manual","65.00","0.00",,true,"840376418814",,,,,,"lb","PC040152",
"zero-g-wirefree-lift-up-bra-black",,,,,,,"Size","40A","Color","Black","Style","Black","ZGW01BL40A",91,"shopify",,"deny","manual","65.00","0.00",,true,"840376404268",,,,,,"lb","PC040152",
"zero-g-wirefree-lift-up-bra-black",,,,,,,"Size","40A","Color","Black","Style","Black","BRA035BL40A",91,"shopify",,"deny","manual","65.00","0.00",,true,"840376418807",,,,,,"lb","PC040152",
"zero-g-wirefree-lift-up-bra-black",,,,,,,"Size","40B","Color","Black","Style","Black","ZGW01BL40B",91,"shopify",,"deny","manual","65.00","0.00",,true,"840376404282",,,,,,"lb","PC040152",
"zero-g-wirefree-lift-up-bra-black",,,,,,,"Size","40B","Color","Black","Style","Black","BRA035BL40B",91,"shopify",,"deny","manual","65.00","0.00",,true,"840376418821",,,,,,"lb","PC040152",
"zero-g-wirefree-lift-up-bra-black",,,,,,,"Size","42A","Color","Black","Style","Black","ZGW01BL42A",91,"shopify",,"deny","manual","65.00","0.00",,true,"840376404299",,,,,,"lb","PC040152",
"zero-g-wirefree-lift-up-bra-black",,,,,,,"Size","42A","Color","Black","Style","Black","BRA035BL42A",91,"shopify",,"deny","manual","65.00","0.00",,true,"840376418838",,,,,,"lb","PC040152",
"signature-all-you-bra-black","Signature All You Bra Black","<div data-region=""main"" data-shogun-variant-id=""5d2d0669ee35f1004ca103a1"" data-shogun-platform-type=""shopify"" data-shogun-page-version-id=""5d2d0669ee35f1004ca1039b"" data-shogun-page-id=""5d2d0669ee35f1004ca1039a"" data-shogun-site-id=""66fc7df4-efb4-45d7-ab6b-492d70fd1bf2"" data-shogun-id=""5d2d0669ee35f1004ca1039a"" class=""shogun-root"">
<div id=""s-2545b4e8-dfd9-4dc6-a408-8b2f6378734f"">
<div id=""s-2545b4e8-dfd9-4dc6-a408-8b2f6378734f"">
<p data-pm-slice=""1 1 []""><span>Consider it your new everyday essential — the best bra for small boobs, perfected. No more awkward cup gaps, bulky push up padding, or feeling like your body's not enough. What makes the Signature All You Bra so comfortable and flattering for AA-B cups? Ultra flattering body-hugging fit and contouring lift you love, now with soft lace detailing. The scalloped lace neckline adds a sophisticated touch and is smooth under clothing.</span></p>
<ul></ul>
</div>
<div>Fits true to size. We recommend your usual bra size. Unsure? Try a few sizes on at home or take our<span> </span><a title=""Pepper Size Quiz"" href=""https://www.wearpepper.com/pages/pepper-size-quiz"">Size Quiz</a>.</div>
<div><br></div>
<div>Materials:<br><span data-mce-fragment=""1"" style=""font-weight: 400;"" data-mce-style=""font-weight: 400;"">Lace: <strong>89% Polyamide, 11% Elastane.</strong></span><span><br><br></span>Made sustainably in Sri Lanka. <span data-mce-fragment=""1"">OEKO-TEX</span><strong data-mce-fragment=""1"">®<span data-mce-fragment=""1""> </span></strong><span data-mce-fragment=""1"">certified.</span>
</div>
</div>
</div>","MAS","Bra","bestseller, BFCM24, BFCM24SALE, BFCM_2023, black, bra_upsell, card_description: An ultra-flattering; everyday underwire plunge contour bra, Color_Black: #000000, fall-edit, is_product_upsell, LDW24, marketing_promo_core, mastercolor, Memorial Day 2024, Mix&Match, no_upsell_discount, product_upsell_smooth-lace-bikini-black, promo_eligible, SAYB, signature-all-you-bra, size_chart, swatches_selection, valentine, VDay 2024, VDay 2025, visible","2023-08-16T21:30:20-06:00","Size","30A","Color","Black","Style","Black","SAY01BL30A",91,"shopify",,"deny","manual","60.00","0.00",,true,"810116537396","https://cdn.shopify.com/s/files/1/1951/2903/files/elenamudd_20230711_ecompepper4777.jpg?v=1702947609",1,,,,"lb","PC040152",
"signature-all-you-bra-black",,,,,,,"Size","30B","Color","Black","Style","Black","SAY01BL30B",91,"shopify",,"deny","manual","60.00","0.00",,true,"810116537402","https://cdn.shopify.com/s/files/1/1951/2903/files/elenamudd_20230711_ecompepper4738.jpg?v=1702947624",2,,,,"lb","PC040152",
"signature-all-you-bra-black",,,,,,,"Size","32A","Color","Black","Style","Black","SAY01BL32A",91,"shopify",,"deny","manual","60.00","0.00",,true,"810116537419","https://cdn.shopify.com/s/files/1/1951/2903/files/elenamudd_20230711_ecompepper4792.jpg?v=1702947582",3,,,,"lb","PC040152",
"signature-all-you-bra-black",,,,,,,"Size","32AA","Color","Black","Style","Black","SAY01BL32AA",91,"shopify",,"deny","manual","60.00","0.00",,true,"810116537426","https://cdn.shopify.com/s/files/1/1951/2903/files/elenamudd_20230711_ecompepper4701.jpg?v=1702947641",4,,,,"lb","PC040152",
"signature-all-you-bra-black",,,,,,,"Size","32B","Color","Black","Style","Black","SAY01BL32B",91,"shopify",,"deny","manual","60.00","0.00",,true,"810116537433","https://cdn.shopify.com/s/files/1/1951/2903/files/20230823_PEPPER_ECOMM_BLACK_SAYB_006.jpg?v=1704876269",5,,,,"lb","PC040152",
"signature-all-you-bra-black",,,,,,,"Size","34A","Color","Black","Style","Black","SAY01BL34A",91,"shopify",,"deny","manual","60.00","0.00",,true,"810116537440","https://cdn.shopify.com/s/files/1/1951/2903/files/20230823_PEPPER_ECOMM_BLACK_SAYB_067.jpg?v=1704876148",6,,,,"lb","PC040152",
"signature-all-you-bra-black",,,,,,,"Size","34AA","Color","Black","Style","Black","SAY01BL34AA",91,"shopify",,"deny","manual","60.00","0.00",,true,"810116537457","https://cdn.shopify.com/s/files/1/1951/2903/files/20230823_PEPPER_ECOMM_BLACK_SAYB_107.jpg?v=1704876217",7,,,,"lb","PC040152",
"signature-all-you-bra-black",,,,,,,"Size","34B","Color","Black","Style","Black","SAY01BL34B",91,"shopify",,"deny","manual","60.00","0.00",,true,"810116537464","https://cdn.shopify.com/s/files/1/1951/2903/files/SIGNATUREALLYOUBRA_d476e5f5-cfe1-48fb-9894-ff27c2dcc85d.jpg?v=1732051361",8,,,,"lb","PC040152",
"signature-all-you-bra-black",,,,,,,"Size","36A","Color","Black","Style","Black","SAY01BL36A",91,"shopify",,"deny","manual","60.00","0.00",,true,"810116537471",,,,,,"lb","PC040152",
"signature-all-you-bra-black",,,,,,,"Size","36AA","Color","Black","Style","Black","SAY01BL36AA",91,"shopify",,"deny","manual","60.00","0.00",,true,"810116537488",,,,,,"lb","PC040152",
"signature-all-you-bra-black",,,,,,,"Size","36B","Color","Black","Style","Black","SAY01BL36B",91,"shopify",,"deny","manual","60.00","0.00",,true,"810116537495",,,,,,"lb","PC040152",
"signature-all-you-bra-black",,,,,,,"Size","38A","Color","Black","Style","Black","SAY01BL38A",91,"shopify",,"deny","manual","60.00","0.00",,true,"810116537501",,,,,,"lb","PC040152",
"signature-all-you-bra-black",,,,,,,"Size","38AA","Color","Black","Style","Black","SAY01BL38AA",91,"shopify",,"deny","manual","60.00","0.00",,true,"810116537518",,,,,,"lb","PC040152",
"signature-all-you-bra-black",,,,,,,"Size","38B","Color","Black","Style","Black","SAY01BL38B",91,"shopify",,"deny","manual","60.00","0.00",,true,"810116537525",,,,,,"lb","PC040152",
"signature-all-you-bra-black",,,,,,,"Size","40A","Color","Black","Style","Black","SAY01BL40A",91,"shopify",,"deny","manual","60.00","0.00",,true,"810116537532",,,,,,"lb","PC040152",
"signature-all-you-bra-black",,,,,,,"Size","40AA","Color","Black","Style","Black","SAY01BL40AA",91,"shopify",,"deny","manual","60.00","0.00",,true,"810116537549",,,,,,"lb","PC040152",
"signature-all-you-bra-black",,,,,,,"Size","40B","Color","Black","Style","Black","SAY01BL40B",91,"shopify",,"deny","manual","60.00","0.00",,true,"840376409454",,,,,,"lb","PC040152",
"signature-all-you-bra-black",,,,,,,"Size","42A","Color","Black","Style","Black","SAY01BL42A",91,"shopify",,"deny","manual","60.00","0.00",,true,"840376427632",,,,,,"lb","PC040152",
"signature-all-you-bra-sand","Signature All You Bra Sand","<div data-region=""main"" data-shogun-variant-id=""5d2d0669ee35f1004ca103a1"" data-shogun-platform-type=""shopify"" data-shogun-page-version-id=""5d2d0669ee35f1004ca1039b"" data-shogun-page-id=""5d2d0669ee35f1004ca1039a"" data-shogun-site-id=""66fc7df4-efb4-45d7-ab6b-492d70fd1bf2"" data-shogun-id=""5d2d0669ee35f1004ca1039a"" class=""shogun-root"">
<div id=""s-2545b4e8-dfd9-4dc6-a408-8b2f6378734f"">
<div id=""s-2545b4e8-dfd9-4dc6-a408-8b2f6378734f"">
<p data-pm-slice=""1 1 []""><span>Consider it your new everyday essential — the best bra for small boobs, perfected. No more awkward cup gaps, bulky push up padding, or feeling like your body's not enough. What makes the Signature All You Bra so comfortable and flattering for AA-B cups? Ultra flattering body-hugging fit and contouring lift you love, now with soft lace detailing. The scalloped lace neckline adds a sophisticated touch and is smooth under clothing.</span></p>
<ul></ul>
</div>
<div>Fits true to size. We recommend your usual bra size. Unsure? Try a few sizes on at home or take our<span> </span><a title=""Pepper Size Quiz"" href=""https://www.wearpepper.com/pages/pepper-size-quiz"">Size Quiz</a>.</div>
<div><br></div>
<div>Materials:<br><span data-mce-fragment=""1"" style=""font-weight: 400;"" data-mce-style=""font-weight: 400;"">Lace: <strong>89% Polyamide, 11% Elastane.</strong></span><span><br><br></span>Made sustainably in Sri Lanka. <span data-mce-fragment=""1"">OEKO-TEX</span><strong data-mce-fragment=""1"">®<span data-mce-fragment=""1""> </span></strong><span data-mce-fragment=""1"">certified.</span>
</div>
</div>
</div>","Prointimo","Bra","Bestsellers Collection, BFCM24, BFCM24SALE, BFCM_2023, black, bra_upsell, card_description: An ultra-flattering; everyday underwire plunge contour bra, Color_Sand: #E9D4C3, is_product_upsell, LDW24, marketing_promo_core, Memorial Day 2024, Mix&Match, no_upsell_discount, product_upsell_smooth-lace-bikini-shell, promo_eligible, SAYB, signature-all-you-bra, size_chart, swatches_selection, visible","2023-11-28T08:03:42-07:00","Size","30A","Color","Sand","Style","Sand","SAY01SD30A",91,"shopify",,"deny","manual","60.00","0.00",,true,"810116537556","https://cdn.shopify.com/s/files/1/1951/2903/files/Signature_All_You_Bra_Sand_Pepper.jpg?v=1730323298",1,,,,"lb","PC040152",
"signature-all-you-bra-sand",,,,,,,"Size","30B","Color","Sand","Style","Sand","SAY01SD30B",91,"shopify",,"deny","manual","60.00","0.00",,true,"810116537563","https://cdn.shopify.com/s/files/1/1951/2903/files/elenamudd_Sand_SAY_SHELL_SmoothLaceBikini_0452.jpg?v=1702947384",2,,,,"lb","PC040152",
"signature-all-you-bra-sand",,,,,,,"Size","32A","Color","Sand","Style","Sand","SAY01SD32A",91,"shopify",,"deny","manual","60.00","0.00",,true,"810116537570","https://cdn.shopify.com/s/files/1/1951/2903/files/elenamudd_Sand_SAY_SHELL_SmoothLaceBikini_0497.jpg?v=1702947445",3,,,,"lb","PC040152",
"signature-all-you-bra-sand",,,,,,,"Size","32AA","Color","Sand","Style","Sand","SAY01SD32AA",91,"shopify",,"deny","manual","60.00","0.00",,true,"810116537587","https://cdn.shopify.com/s/files/1/1951/2903/files/elenamudd_Sand_SAY_SHELL_SmoothLaceBikini_0509.jpg?v=1702947402",4,,,,"lb","PC040152",
"signature-all-you-bra-sand",,,,,,,"Size","32B","Color","Sand","Style","Sand","SAY01SD32B",91,"shopify",,"deny","manual","60.00","0.00",,true,"810116537594","https://cdn.shopify.com/s/files/1/1951/2903/files/elenamudd_Sand_SAY_SHELL_SmoothLaceBikini_0403.jpg?v=1702947427",5,,,,"lb","PC040152",
"signature-all-you-bra-sand",,,,,,,"Size","34A","Color","Sand","Style","Sand","SAY01SD34A",91,"shopify",,"deny","manual","60.00","0.00",,true,"810116537600","https://cdn.shopify.com/s/files/1/1951/2903/files/saybsand.jpg?v=1704863627",6,,,,"lb","PC040152",
"signature-all-you-bra-sand",,,,,,,"Size","34AA","Color","Sand","Style","Sand","SAY01SD34AA",91,"shopify",,"deny","manual","60.00","0.00",,true,"810116537617","https://cdn.shopify.com/s/files/1/1951/2903/files/SIGNATUREALLYOUBRA.jpg?v=1732051356",7,,,,"lb","PC040152",
"signature-all-you-bra-sand",,,,,,,"Size","34B","Color","Sand","Style","Sand","SAY01SD34B",91,"shopify",,"deny","manual","60.00","0.00",,true,"810116537624",,,,,,"lb","PC040152",
"signature-all-you-bra-sand",,,,,,,"Size","36A","Color","Sand","Style","Sand","SAY01SD36A",91,"shopify",,"deny","manual","60.00","0.00",,true,"810116537631",,,,,,"lb","PC040152",
"signature-all-you-bra-sand",,,,,,,"Size","36AA","Color","Sand","Style","Sand","SAY01SD36AA",91,"shopify",,"deny","manual","60.00","0.00",,true,"810116537648",,,,,,"lb","PC040152",
"signature-all-you-bra-sand",,,,,,,"Size","36B","Color","Sand","Style","Sand","SAY01SD36B",91,"shopify",,"deny","manual","60.00","0.00",,true,"810116537655",,,,,,"lb","PC040152",
"signature-all-you-bra-sand",,,,,,,"Size","38A","Color","Sand","Style","Sand","SAY01SD38A",91,"shopify",,"deny","manual","60.00","0.00",,true,"810116537662",,,,,,"lb","PC040152",
"signature-all-you-bra-sand",,,,,,,"Size","38AA","Color","Sand","Style","Sand","SAY01SD38AA",91,"shopify",,"deny","manual","60.00","0.00",,true,"810116537679",,,,,,"lb","PC040152",
"signature-all-you-bra-sand",,,,,,,"Size","38B","Color","Sand","Style","Sand","SAY01SD38B",91,"shopify",,"deny","manual","60.00","0.00",,true,"810116537686",,,,,,"lb","PC040152",
"signature-all-you-bra-sand",,,,,,,"Size","40A","Color","Sand","Style","Sand","SAY01SD40A",91,"shopify",,"deny","manual","60.00","0.00",,true,"810116537693",,,,,,"lb","PC040152",
"signature-all-you-bra-sand",,,,,,,"Size","40AA","Color","Sand","Style","Sand","SAY01SD40AA",91,"shopify",,"deny","manual","60.00","0.00",,true,"810116537709",,,,,,"lb","PC040152",
"signature-all-you-bra-sand",,,,,,,"Size","40B","Color","Sand","Style","Sand","SAY01SD40B",91,"shopify",,"deny","manual","60.00","0.00",,true,"840376409478",,,,,,"lb","PC040152",
"zero-g-wirefree-lift-up-bra-fawn","Zero-G Wirefree Lift Up Bra Fawn","<div class=""shogun-root"" data-shogun-id=""5d2d0669ee35f1004ca1039a"" data-shogun-site-id=""66fc7df4-efb4-45d7-ab6b-492d70fd1bf2"" data-shogun-page-id=""5d2d0669ee35f1004ca1039a"" data-shogun-page-version-id=""5d2d0669ee35f1004ca1039b"" data-shogun-platform-type=""shopify"" data-shogun-variant-id=""5d2d0669ee35f1004ca103a1"" data-region=""main"">
<div id=""s-2545b4e8-dfd9-4dc6-a408-8b2f6378734f"">
<div data-region=""main"" data-shogun-variant-id=""5d2d0669ee35f1004ca103a1"" data-shogun-platform-type=""shopify"" data-shogun-page-version-id=""5d2d0669ee35f1004ca1039b"" data-shogun-page-id=""5d2d0669ee35f1004ca1039a"" data-shogun-site-id=""66fc7df4-efb4-45d7-ab6b-492d70fd1bf2"" data-shogun-id=""5d2d0669ee35f1004ca1039a"" class=""shogun-root"" data-mce-fragment=""1"">
<div id=""s-2545b4e8-dfd9-4dc6-a408-8b2f6378734f"" data-mce-fragment=""1"">
<meta charset=""utf-8""> <span>Get ultra flattering shape and sculpted lift without the underwire. This is a bra that truly lives up to its name. The Zero-G Wireless Lift Up Bra’s gravity-defying design means it stays in place, lifts you up and hugs your natural curves with zero gaps. Giving all-day comfort, shape and lift, Zero-G makes feeling extra a little more everyday.<br><br>This style is designed to fit more snugly. If you prefer a less-snug band fit, we recommend sizing up using our sister size chart. </span>Unsure? Try a few sizes on at home or <a href=""https://www.wearpepper.com/pages/pepper-size-quiz"" title=""Pepper Size Quiz"" data-mce-fragment=""1"" data-mce-href=""https://www.wearpepper.com/pages/pepper-size-quiz"">take our size quiz</a>.</div>
</div>
<div data-region=""main"" data-shogun-variant-id=""5d2d0669ee35f1004ca103a1"" data-shogun-platform-type=""shopify"" data-shogun-page-version-id=""5d2d0669ee35f1004ca1039b"" data-shogun-page-id=""5d2d0669ee35f1004ca1039a"" data-shogun-site-id=""66fc7df4-efb4-45d7-ab6b-492d70fd1bf2"" data-shogun-id=""5d2d0669ee35f1004ca1039a"" class=""shogun-root"" data-mce-fragment=""1"">
<div data-mce-fragment=""1"">
<br data-mce-fragment=""1"">
<p data-pm-slice=""1 1 []"" data-mce-fragment=""1"">Materials: <br>Body: <strong>75% Polyamide, 25% Elastane.</strong><br><br>Made sustainably in Colombia. <span data-mce-fragment=""1"">OEKO-TEX</span><strong data-mce-fragment=""1"">®<span data-mce-fragment=""1""> </span></strong><span data-mce-fragment=""1"">certified.</span></p>
</div>
</div>
</div>
</div>","Prointimo","Bra","bestseller, BFCM24, BFCM24SALE, BFCM_2023, bra_upsell, card_description: Our innovative wireless lift up bra for ultimate lift and maximum comfort, Color_Fawn: #D1B39D, faq_liftup, FW23, label_NEW STYLE_#9b2728, LDW24, marketing_promo_core, mastectomy, Memorial Day 2024, Mix&Match, new_arrivals, no_upsell_discount, product_upsell_fine-mesh-hipster-fawn, promo_eligible, push up, push up bra, size_chart, visible","2023-09-15T09:26:15-06:00","Size","30A","Color","Fawn","Style","Fawn","ZGW01FA30A",91,"shopify",,"deny","manual","65.00","0.00",,true,"840376404305","https://cdn.shopify.com/s/files/1/1951/2903/files/elenamudd_Fawn_zerog_1690.jpg?v=1702943306",1,,,,"lb","PC040152",
"zero-g-wirefree-lift-up-bra-fawn",,,,,,,"Size","30A","Color","Fawn","Style","Fawn","BRA035FA30A",91,"shopify",,"deny","manual","65.00","0.00",,true,"840376418845","https://cdn.shopify.com/s/files/1/1951/2903/files/elenamudd_Fawn_zerog_1651.jpg?v=1702943304",2,,,,"lb","PC040152",
"zero-g-wirefree-lift-up-bra-fawn",,,,,,,"Size","30B","Color","Fawn","Style","Fawn","ZGW01FA30B",91,"shopify",,"deny","manual","65.00","0.00",,true,"840376404312","https://cdn.shopify.com/s/files/1/1951/2903/files/elenamudd_Fawn_zerog_1688.jpg?v=1702943297",3,,,,"lb","PC040152",
"zero-g-wirefree-lift-up-bra-fawn",,,,,,,"Size","30B","Color","Fawn","Style","Fawn","BRA035FA30B",91,"shopify",,"deny","manual","65.00","0.00",,true,"840376418852","https://cdn.shopify.com/s/files/1/1951/2903/files/elenamudd_Fawn_zerog_1726.jpg?v=1702943299",4,,,,"lb","PC040152",
"zero-g-wirefree-lift-up-bra-fawn",,,,,,,"Size","32A","Color","Fawn","Style","Fawn","ZGW01FA32A",91,"shopify",,"deny","manual","65.00","0.00",,true,"840376404329","https://cdn.shopify.com/s/files/1/1951/2903/files/elenamudd_Fawn_zerog_1745.jpg?v=1702943301",5,,,,"lb","PC040152",
"zero-g-wirefree-lift-up-bra-fawn",,,,,,,"Size","32A","Color","Fawn","Style","Fawn","BRA035FA32A",91,"shopify",,"deny","manual","65.00","0.00",,true,"840376418869","https://cdn.shopify.com/s/files/1/1951/2903/files/ZERO-GWIREFREELIFT-UPBRA_74414975-2d2e-47c7-9c00-dde3a255c458.jpg?v=1732051598",6,,,,"lb","PC040152",
"zero-g-wirefree-lift-up-bra-fawn",,,,,,,"Size","32AA","Color","Fawn","Style","Fawn","ZGW01FA32AA",91,"shopify",,"deny","manual","65.00","0.00",,true,"840376404336",,,,,,"lb","PC040152",
"zero-g-wirefree-lift-up-bra-fawn",,,,,,,"Size","32AA","Color","Fawn","Style","Fawn","BRA035FA32AA",91,"shopify",,"deny","manual","65.00","0.00",,true,"840376418876",,,,,,"lb","PC040152",
"zero-g-wirefree-lift-up-bra-fawn",,,,,,,"Size","32B","Color","Fawn","Style","Fawn","ZGW01FA32B",91,"shopify",,"deny","manual","65.00","0.00",,true,"840376404343",,,,,,"lb","PC040152",
"zero-g-wirefree-lift-up-bra-fawn",,,,,,,"Size","32B","Color","Fawn","Style","Fawn","BRA035FA32B",91,"shopify",,"deny","manual","65.00","0.00",,true,"840376418883",,,,,,"lb","PC040152",
"zero-g-wirefree-lift-up-bra-fawn",,,,,,,"Size","34A","Color","Fawn","Style","Fawn","ZGW01FA34A",91,"shopify",,"deny","manual","65.00","0.00",,true,"840376404350",,,,,,"lb","PC040152",
"zero-g-wirefree-lift-up-bra-fawn",,,,,,,"Size","34A","Color","Fawn","Style","Fawn","BRA035FA34A",91,"shopify",,"deny","manual","65.00","0.00",,true,"840376418890",,,,,,"lb","PC040152",
"zero-g-wirefree-lift-up-bra-fawn",,,,,,,"Size","34AA","Color","Fawn","Style","Fawn","ZGW01FA34AA",91,"shopify",,"deny","manual","65.00","0.00",,true,"840376404367",,,,,,"lb","PC040152",
"zero-g-wirefree-lift-up-bra-fawn",,,,,,,"Size","34AA","Color","Fawn","Style","Fawn","BRA035FA34AA",91,"shopify",,"deny","manual","65.00","0.00",,true,"840376418906",,,,,,"lb","PC040152",
"zero-g-wirefree-lift-up-bra-fawn",,,,,,,"Size","34B","Color","Fawn","Style","Fawn","ZGW01FA34B",91,"shopify",,"deny","manual","65.00","0.00",,true,"840376404374",,,,,,"lb","PC040152",
"zero-g-wirefree-lift-up-bra-fawn",,,,,,,"Size","34B","Color","Fawn","Style","Fawn","BRA035FA34B",91,"shopify",,"deny","manual","65.00","0.00",,true,"840376418913",,,,,,"lb","PC040152",
"zero-g-wirefree-lift-up-bra-fawn",,,,,,,"Size","36A","Color","Fawn","Style","Fawn","ZGW01FA36A",91,"shopify",,"deny","manual","65.00","0.00",,true,"840376404381",,,,,,"lb","PC040152",
"zero-g-wirefree-lift-up-bra-fawn",,,,,,,"Size","36A","Color","Fawn","Style","Fawn","BRA035FA36A",91,"shopify",,"deny","manual","65.00","0.00",,true,"840376418920",,,,,,"lb","PC040152",
"zero-g-wirefree-lift-up-bra-fawn",,,,,,,"Size","36AA","Color","Fawn","Style","Fawn","ZGW01FA36AA",91,"shopify",,"deny","manual","65.00","0.00",,true,"840376404398",,,,,,"lb","PC040152",
"zero-g-wirefree-lift-up-bra-fawn",,,,,,,"Size","36AA","Color","Fawn","Style","Fawn","BRA035FA36AA",91,"shopify",,"deny","manual","65.00","0.00",,true,"840376418937",,,,,,"lb","PC040152",
"zero-g-wirefree-lift-up-bra-fawn",,,,,,,"Size","36B","Color","Fawn","Style","Fawn","ZGW01FA36B",91,"shopify",,"deny","manual","65.00","0.00",,true,"840376404404",,,,,,"lb","PC040152",
"zero-g-wirefree-lift-up-bra-fawn",,,,,,,"Size","36B","Color","Fawn","Style","Fawn","BRA035FA36B",91,"shopify",,"deny","manual","65.00","0.00",,true,"840376418944",,,,,,"lb","PC040152",
"zero-g-wirefree-lift-up-bra-fawn",,,,,,,"Size","38A","Color","Fawn","Style","Fawn","ZGW01FA38A",91,"shopify",,"deny","manual","65.00","0.00",,true,"840376404411",,,,,,"lb","PC040152",
"zero-g-wirefree-lift-up-bra-fawn",,,,,,,"Size","38A","Color","Fawn","Style","Fawn","BRA035FA38A",91,"shopify",,"deny","manual","65.00","0.00",,true,"840376418951",,,,,,"lb","PC040152",
"zero-g-wirefree-lift-up-bra-fawn",,,,,,,"Size","38AA","Color","Fawn","Style","Fawn","ZGW01FA38AA",91,"shopify",,"deny","manual","65.00","0.00",,true,"840376404428",,,,,,"lb","PC040152",
"zero-g-wirefree-lift-up-bra-fawn",,,,,,,"Size","38AA","Color","Fawn","Style","Fawn","BRA035FA38AA",91,"shopify",,"deny","manual","65.00","0.00",,true,"840376418968",,,,,,"lb","PC040152",
"zero-g-wirefree-lift-up-bra-fawn",,,,,,,"Size","38B","Color","Fawn","Style","Fawn","ZGW01FA38B",91,"shopify",,"deny","manual","65.00","0.00",,true,"840376404435",,,,,,"lb","PC040152",
"zero-g-wirefree-lift-up-bra-fawn",,,,,,,"Size","38B","Color","Fawn","Style","Fawn","BRA035FA38B",91,"shopify",,"deny","manual","65.00","0.00",,true,"840376418975",,,,,,"lb","PC040152",
"zero-g-wirefree-lift-up-bra-fawn",,,,,,,"Size","40A","Color","Fawn","Style","Fawn","ZGW01FA40A",91,"shopify",,"deny","manual","65.00","0.00",,true,"840376404442",,,,,,"lb","PC040152",
"zero-g-wirefree-lift-up-bra-fawn",,,,,,,"Size","40A","Color","Fawn","Style","Fawn","BRA035FA40A",91,"shopify",,"deny","manual","65.00","0.00",,true,"840376418982",,,,,,"lb","PC040152",
"zero-g-wirefree-lift-up-bra-fawn",,,,,,,"Size","40AA","Color","Fawn","Style","Fawn","ZGW01FA40AA",91,"shopify",,"deny","manual","65.00","0.00",,true,"840376404459",,,,,,"lb","PC040152",
"zero-g-wirefree-lift-up-bra-fawn",,,,,,,"Size","40AA","Color","Fawn","Style","Fawn","BRA035FA40AA",91,"shopify",,"deny","manual","65.00","0.00",,true,"840376418999",,,,,,"lb","PC040152",
"zero-g-wirefree-lift-up-bra-fawn",,,,,,,"Size","40B","Color","Fawn","Style","Fawn","ZGW01FA40B",91,"shopify",,"deny","manual","65.00","0.00",,true,"840376404466",,,,,,"lb","PC040152",
"zero-g-wirefree-lift-up-bra-fawn",,,,,,,"Size","40B","Color","Fawn","Style","Fawn","BRA035FA40B",91,"shopify",,"deny","manual","65.00","0.00",,true,"840376419002",,,,,,"lb","PC040152",
"zero-g-wirefree-lift-up-bra-fawn",,,,,,,"Size","42A","Color","Fawn","Style","Fawn","ZGW01FA42A",91,"shopify",,"deny","manual","65.00","0.00",,true,"840376404473",,,,,,"lb","PC040152",
"zero-g-wirefree-lift-up-bra-fawn",,,,,,,"Size","42A","Color","Fawn","Style","Fawn","BRA035FA42A",91,"shopify",,"deny","manual","65.00","0.00",,true,"840376419019",,,,,,"lb","PC040152",
"lift-up-bra-sand","Lift Up Bra Sand","<div class=""shogun-root"" data-shogun-id=""5d2d0669ee35f1004ca1039a"" data-shogun-site-id=""66fc7df4-efb4-45d7-ab6b-492d70fd1bf2"" data-shogun-page-id=""5d2d0669ee35f1004ca1039a"" data-shogun-page-version-id=""5d2d0669ee35f1004ca1039b"" data-shogun-platform-type=""shopify"" data-shogun-variant-id=""5d2d0669ee35f1004ca103a1"" data-region=""main"">
<div class=""shogun-root"" data-shogun-id=""5d2d0669ee35f1004ca1039a"" data-shogun-site-id=""66fc7df4-efb4-45d7-ab6b-492d70fd1bf2"" data-shogun-page-id=""5d2d0669ee35f1004ca1039a"" data-shogun-page-version-id=""5d2d0669ee35f1004ca1039b"" data-shogun-platform-type=""shopify"" data-shogun-variant-id=""5d2d0669ee35f1004ca103a1"" data-region=""main"">
<div>
<div data-region=""main"" data-shogun-variant-id=""5d2d0669ee35f1004ca103a1"" data-shogun-platform-type=""shopify"" data-shogun-page-version-id=""5d2d0669ee35f1004ca1039b"" data-shogun-page-id=""5d2d0669ee35f1004ca1039a"" data-shogun-site-id=""66fc7df4-efb4-45d7-ab6b-492d70fd1bf2"" data-shogun-id=""5d2d0669ee35f1004ca1039a"" class=""shogun-root"" data-mce-fragment=""1"">
<div id=""s-2545b4e8-dfd9-4dc6-a408-8b2f6378734f"" data-mce-fragment=""1"">Finally, a push up bra that doesn't make you feel like less. Meet the Lift Up Bra that gives you ultra flattering, comfy, zero gap lift for the days when you're just feeling *extra*. This is a push up bra that highlights what you already got and always feels like you. </div>
</div>
<div data-region=""main"" data-shogun-variant-id=""5d2d0669ee35f1004ca103a1"" data-shogun-platform-type=""shopify"" data-shogun-page-version-id=""5d2d0669ee35f1004ca1039b"" data-shogun-page-id=""5d2d0669ee35f1004ca1039a"" data-shogun-site-id=""66fc7df4-efb4-45d7-ab6b-492d70fd1bf2"" data-shogun-id=""5d2d0669ee35f1004ca1039a"" class=""shogun-root"" data-mce-fragment=""1"">
<br data-mce-fragment=""1"">
<div data-mce-fragment=""1"">Fits true to size. We recommend your usual bra size. Unsure? Try a few sizes on at home or <a href=""https://www.wearpepper.com/pages/pepper-size-quiz"" title=""Pepper Size Quiz"" data-mce-fragment=""1"">take our size quiz</a>.</div>
<div data-mce-fragment=""1"">
<br data-mce-fragment=""1"">
<p data-pm-slice=""1 1 []"" data-mce-fragment=""1"">Materials:<br>Body: <strong>75% Polyamide, 25% Elastane.</strong><br>Mesh: <strong>96% Polyamide, 4% Elastane.</strong></p>
<p data-pm-slice=""1 1 []"" data-mce-fragment=""1"">Made sustainably in Colombia &amp; Sri Lanka. <span data-mce-fragment=""1"">OEKO-TEX</span><strong data-mce-fragment=""1"">®<span data-mce-fragment=""1""> </span></strong><span data-mce-fragment=""1"">certified.</span></p>
</div>
</div>
</div>
</div>
</div>
<style type=""text/css""><!--td {border: 1px solid #cccccc;}br {mso-data-placement:same-cell;}--></style>","Prointimo","Bra","bestseller, BFCM24, BFCM_2023, bra_upsell, card_description: The push up bra reimagined, Color_Sand: #E9D4C3, faq_liftup, header_card_description: The push up bra reimagined, label_BEST SELLER_#9b2728, LDW24, marketing_promo_core, Memorial Day 2024, no_upsell_discount, PDAY23, product_upsell_smooth-lace-bikini-shell, promo_eligible, push up, push up bra, size_chart, Subtitle: The push up bra reimagined., visible","2023-08-01T08:02:03-06:00","Size","30A","Color","Sand",,,"LUB01SD30A",91,"shopify",,"deny","manual","65.00","0.00",,true,"840376401281","https://cdn.shopify.com/s/files/1/1951/2903/files/v2elenamudd_Sand_LiftUpSMOOTH_LACEBIKIN_1180_2.jpg?v=1702943611",1,,,,"lb","PC040152",
"lift-up-bra-sand",,,,,,,"Size","30B","Color","Sand",,,"LUB01SD30B",91,"shopify",,"deny","manual","65.00","0.00",,true,"840376401298","https://cdn.shopify.com/s/files/1/1951/2903/files/elenamudd_Sand_LiftUpSMOOTH_LACEBIKIN_1270.jpg?v=1702943386",2,,,,"lb","PC040152",
"lift-up-bra-sand",,,,,,,"Size","32AA","Color","Sand",,,"LUB01SD32AA",91,"shopify",,"deny","manual","65.00","0.00",,true,"840376401311","https://cdn.shopify.com/s/files/1/1951/2903/files/elenamudd_Sand_LiftUpSMOOTH_LACEBIKIN_1284.jpg?v=1702943386",3,,,,"lb","PC040152",
"lift-up-bra-sand",,,,,,,"Size","32A","Color","Sand",,,"LUB01SD32A",91,"shopify",,"deny","manual","65.00","0.00",,true,"840376401304","https://cdn.shopify.com/s/files/1/1951/2903/files/elenamudd_Sand_LiftUpSMOOTH_LACEBIKIN_1307.jpg?v=1702943389",4,,,,"lb","PC040152",
"lift-up-bra-sand",,,,,,,"Size","32B","Color","Sand",,,"LUB01SD32B",91,"shopify",,"deny","manual","65.00","0.00",,true,"840376401328","https://cdn.shopify.com/s/files/1/1951/2903/files/elenamudd_Sand_LiftUpSMOOTH_LACEBIKIN_1180_f4a4effb-f391-41c6-a42f-67bfb104e03c.jpg?v=1702943383",5,,,,"lb","PC040152",
"lift-up-bra-sand",,,,,,,"Size","34AA","Color","Sand",,,"LUB01SD34AA",91,"shopify",,"deny","manual","65.00","0.00",,true,"840376401342","https://cdn.shopify.com/s/files/1/1951/2903/files/pepper_detail_cup_sienna_066_final_v3_4c65d16a-7c20-42b9-9fb5-1bf98f183c93.jpg?v=1702944521",6,,,,"lb","PC040152",
"lift-up-bra-sand",,,,,,,"Size","34A","Color","Sand",,,"LUB01SD34A",91,"shopify",,"deny","manual","65.00","0.00",,true,"840376401335","https://cdn.shopify.com/s/files/1/1951/2903/files/LACE_LIFTUPBRA_4c655f00-275c-4794-9eb0-2c2267478e88.jpg?v=1732051241",7,,,,"lb","PC040152",
"lift-up-bra-sand",,,,,,,"Size","34B","Color","Sand",,,"LUB01SD34B",91,"shopify",,"deny","manual","65.00","0.00",,true,"840376401359",,,,,,"lb","PC040152",
"lift-up-bra-sand",,,,,,,"Size","36AA","Color","Sand",,,"LUB01SD36AA",91,"shopify",,"deny","manual","65.00","0.00",,true,"840376401373",,,,,,"lb","PC040152",
"lift-up-bra-sand",,,,,,,"Size","36A","Color","Sand",,,"LUB01SD36A",91,"shopify",,"deny","manual","65.00","0.00",,true,"840376401366",,,,,,"lb","PC040152",
"lift-up-bra-sand",,,,,,,"Size","36B","Color","Sand",,,"LUB01SD36B",91,"shopify",,"deny","manual","65.00","0.00",,true,"840376401380",,,,,,"lb","PC040152",
"lift-up-bra-sand",,,,,,,"Size","38AA","Color","Sand",,,"LUB01SD38AA",91,"shopify",,"deny","manual","65.00","0.00",,true,"840376401403",,,,,,"lb","PC040152",
"lift-up-bra-sand",,,,,,,"Size","38A","Color","Sand",,,"LUB01SD38A",91,"shopify",,"deny","manual","65.00","0.00",,true,"840376401397",,,,,,"lb","PC040152",
"lift-up-bra-sand",,,,,,,"Size","38B","Color","Sand",,,"LUB01SD38B",91,"shopify",,"deny","manual","65.00","0.00",,true,"840376401410",,,,,,"lb","PC040152",
"lift-up-bra-sand",,,,,,,"Size","40AA","Color","Sand",,,"LUB01SD40AA",91,"shopify",,"deny","manual","65.00","0.00",,true,"840376401434",,,,,,"lb","PC040152",
"lift-up-bra-sand",,,,,,,"Size","40A","Color","Sand",,,"LUB01SD40A",91,"shopify",,"deny","manual","65.00","0.00",,true,"840376401427",,,,,,"lb","PC040152",
"lift-up-bra-sand",,,,,,,"Size","40B","Color","Sand",,,"LUB01SD40B",91,"shopify",,"deny","manual","65.00","0.00",,true,"840376401441",,,,,,"lb","PC040152",
"lift-up-bra-sand",,,,,,,"Size","42AA","Color","Sand",,,"LUB01SD42AA",91,"shopify",,"deny","manual","65.00","0.00",,true,"840376406125",,,,,,"lb","PC040152",
"lift-up-bra-sand",,,,,,,"Size","42A","Color","Sand",,,"LUB01SD42A",91,"shopify",,"deny","manual","65.00","0.00",,true,"840376417060",,,,,,"lb","PC040152",
"lift-up-bra-fawn","Lift Up Bra Fawn","<div class=""shogun-root"" data-shogun-id=""5d2d0669ee35f1004ca1039a"" data-shogun-site-id=""66fc7df4-efb4-45d7-ab6b-492d70fd1bf2"" data-shogun-page-id=""5d2d0669ee35f1004ca1039a"" data-shogun-page-version-id=""5d2d0669ee35f1004ca1039b"" data-shogun-platform-type=""shopify"" data-shogun-variant-id=""5d2d0669ee35f1004ca103a1"" data-region=""main"">
<div class=""shogun-root"" data-shogun-id=""5d2d0669ee35f1004ca1039a"" data-shogun-site-id=""66fc7df4-efb4-45d7-ab6b-492d70fd1bf2"" data-shogun-page-id=""5d2d0669ee35f1004ca1039a"" data-shogun-page-version-id=""5d2d0669ee35f1004ca1039b"" data-shogun-platform-type=""shopify"" data-shogun-variant-id=""5d2d0669ee35f1004ca103a1"" data-region=""main"">
<div>
<div data-region=""main"" data-shogun-variant-id=""5d2d0669ee35f1004ca103a1"" data-shogun-platform-type=""shopify"" data-shogun-page-version-id=""5d2d0669ee35f1004ca1039b"" data-shogun-page-id=""5d2d0669ee35f1004ca1039a"" data-shogun-site-id=""66fc7df4-efb4-45d7-ab6b-492d70fd1bf2"" data-shogun-id=""5d2d0669ee35f1004ca1039a"" class=""shogun-root"" data-mce-fragment=""1"">
<div id=""s-2545b4e8-dfd9-4dc6-a408-8b2f6378734f"" data-mce-fragment=""1"">Finally, a push up bra that doesn't make you feel like less. Meet the Lift Up Bra that gives you ultra flattering, comfy, zero gap lift for the days when you're just feeling *extra*. This is a push up bra that highlights what you already got and always feels like you. </div>
</div>
<div data-region=""main"" data-shogun-variant-id=""5d2d0669ee35f1004ca103a1"" data-shogun-platform-type=""shopify"" data-shogun-page-version-id=""5d2d0669ee35f1004ca1039b"" data-shogun-page-id=""5d2d0669ee35f1004ca1039a"" data-shogun-site-id=""66fc7df4-efb4-45d7-ab6b-492d70fd1bf2"" data-shogun-id=""5d2d0669ee35f1004ca1039a"" class=""shogun-root"" data-mce-fragment=""1"">
<br data-mce-fragment=""1"">
<div data-mce-fragment=""1"">Fits true to size. We recommend your usual bra size. Unsure? Try a few sizes on at home or <a href=""https://www.wearpepper.com/pages/pepper-size-quiz"" title=""Pepper Size Quiz"" data-mce-fragment=""1"">take our size quiz</a>.</div>
<div data-mce-fragment=""1"">
<br data-mce-fragment=""1"">
<p data-pm-slice=""1 1 []"" data-mce-fragment=""1"">Materials:<br>Body: <strong>75% Polyamide, 25% Elastane.</strong><br>Mesh: <strong>96% Polyamide, 4% Elastane.</strong></p>
<p data-pm-slice=""1 1 []"" data-mce-fragment=""1"">Made sustainably in Colombia &amp; Sri Lanka. <span data-mce-fragment=""1"">OEKO-TEX</span><strong data-mce-fragment=""1"">®<span data-mce-fragment=""1""> </span></strong><span data-mce-fragment=""1"">certified.</span></p>
</div>
</div>
</div>
</div>
</div>
<style type=""text/css""><!--td {border: 1px solid #cccccc;}br {mso-data-placement:same-cell;}--></style>","Prointimo","Bra","bestseller, BFCM24, BFCM_2023, bra_upsell, card_description: The push up bra reimagined, Color_Fawn: #D1B39D, faq_liftup, header_card_description: The push up bra reimagined, label_BEST SELLER_#9b2728, LDW24, marketing_promo_core, Memorial Day 2024, Mix&Match, new_arrivals, no_upsell_discount, PDAY23, product_upsell_fine-mesh-hipster-fawn, promo_eligible, push up, push up bra, size_chart, Subtitle: The push up bra reimagined., visible","2023-08-09T07:10:12-06:00","Size","30A","Color","Fawn",,,"LUB01FA30A",91,"shopify",,"deny","manual","65.00","0.00",,true,"840376400925","https://cdn.shopify.com/s/files/1/1951/2903/files/elenamudd_Fawn_LiftUp_0917.jpg?v=1702943409",1,,,,"lb","PC040152",
"lift-up-bra-fawn",,,,,,,"Size","30B","Color","Fawn",,,"LUB01FA30B",91,"shopify",,"deny","manual","65.00","0.00",,true,"840376400932","https://cdn.shopify.com/s/files/1/1951/2903/files/elenamudd_Fawn_LiftUp_0939.jpg?v=1702943407",2,,,,"lb","PC040152",
"lift-up-bra-fawn",,,,,,,"Size","32AA","Color","Fawn",,,"LUB01FA32AA",91,"shopify",,"deny","manual","65.00","0.00",,true,"840376400956","https://cdn.shopify.com/s/files/1/1951/2903/files/elenamudd_Fawn_LiftUp_0963.jpg?v=1702943408",3,,,,"lb","PC040152",
"lift-up-bra-fawn",,,,,,,"Size","32A","Color","Fawn",,,"LUB01FA32A",91,"shopify",,"deny","manual","65.00","0.00",,true,"840376400949","https://cdn.shopify.com/s/files/1/1951/2903/files/elenamudd_Fawn_LiftUp_0847.jpg?v=1702943411",4,,,,"lb","PC040152",
"lift-up-bra-fawn",,,,,,,"Size","32B","Color","Fawn",,,"LUB01FA32B",91,"shopify",,"deny","manual","65.00","0.00",,true,"840376400963","https://cdn.shopify.com/s/files/1/1951/2903/files/pepper_detail_cup_sienna_066_final_v3_3276c64d-642c-42d7-aacc-f6e6d047844a.jpg?v=1702944522",5,,,,"lb","PC040152",
"lift-up-bra-fawn",,,,,,,"Size","34AA","Color","Fawn",,,"LUB01FA34AA",91,"shopify",,"deny","manual","65.00","0.00",,true,"840376400987","https://cdn.shopify.com/s/files/1/1951/2903/files/20230823_PEPPER_ECOMM_FAWN_LIFTUP_009.jpg?v=1702943564",6,,,,"lb","PC040152",
"lift-up-bra-fawn",,,,,,,"Size","34A","Color","Fawn",,,"LUB01FA34A",91,"shopify",,"deny","manual","65.00","0.00",,true,"840376400970","https://cdn.shopify.com/s/files/1/1951/2903/files/20230823_PEPPER_ECOMM_FAWN_LIFTUP_069.jpg?v=1702943566",7,,,,"lb","PC040152",
"lift-up-bra-fawn",,,,,,,"Size","34B","Color","Fawn",,,"LUB01FA34B",91,"shopify",,"deny","manual","65.00","0.00",,true,"840376400994","https://cdn.shopify.com/s/files/1/1951/2903/files/20230823_PEPPER_ECOMM_FAWN_LIFTUP_077.jpg?v=1702943567",8,,,,"lb","PC040152",
"lift-up-bra-fawn",,,,,,,"Size","36AA","Color","Fawn",,,"LUB01FA36AA",91,"shopify",,"deny","manual","65.00","0.00",,true,"840376401014","https://cdn.shopify.com/s/files/1/1951/2903/files/LACE_LIFTUPBRA_5e47d496-43f5-4a36-9b38-5e8150481f70.jpg?v=1732051114",9,,,,"lb","PC040152",
"lift-up-bra-fawn",,,,,,,"Size","36A","Color","Fawn",,,"LUB01FA36A",91,"shopify",,"deny","manual","65.00","0.00",,true,"840376401007",,,,,,"lb","PC040152",
"lift-up-bra-fawn",,,,,,,"Size","36B","Color","Fawn",,,"LUB01FA36B",91,"shopify",,"deny","manual","65.00","0.00",,true,"840376401021",,,,,,"lb","PC040152",
"lift-up-bra-fawn",,,,,,,"Size","38AA","Color","Fawn",,,"LUB01FA38AA",91,"shopify",,"deny","manual","65.00","0.00",,true,"840376401045",,,,,,"lb","PC040152",
"lift-up-bra-fawn",,,,,,,"Size","38A","Color","Fawn",,,"LUB01FA38A",91,"shopify",,"deny","manual","65.00","0.00",,true,"840376401038",,,,,,"lb","PC040152",
"lift-up-bra-fawn",,,,,,,"Size","38B","Color","Fawn",,,"LUB01FA38B",91,"shopify",,"deny","manual","65.00","0.00",,true,"840376401052",,,,,,"lb","PC040152",
"lift-up-bra-fawn",,,,,,,"Size","40AA","Color","Fawn",,,"LUB01FA40AA",91,"shopify",,"deny","manual","65.00","0.00",,true,"840376401076",,,,,,"lb","PC040152",
"lift-up-bra-fawn",,,,,,,"Size","40A","Color","Fawn",,,"LUB01FA40A",91,"shopify",,"deny","manual","65.00","0.00",,true,"840376401069",,,,,,"lb","PC040152",
"lift-up-bra-fawn",,,,,,,"Size","40B","Color","Fawn",,,"LUB01FA40B",91,"shopify",,"deny","manual","65.00","0.00",,true,"840376401083",,,,,,"lb","PC040152",
"lift-up-bra-fawn",,,,,,,"Size","42AA","Color","Fawn",,,"LUB01FA42AA",91,"shopify",,"deny","manual","65.00","0.00",,true,"840376406095",,,,,,"lb","PC040152",
"lift-up-bra-fawn",,,,,,,"Size","42A","Color","Fawn",,,"LUB01FA42A",91,"shopify",,"deny","manual","65.00","0.00",,true,"840376401090",,,,,,"lb","",
"zero-g-wirefree-lift-up-bra-ecru","Zero-G Wirefree Lift Up Bra Ecru","<div class=""shogun-root"" data-shogun-id=""5d2d0669ee35f1004ca1039a"" data-shogun-site-id=""66fc7df4-efb4-45d7-ab6b-492d70fd1bf2"" data-shogun-page-id=""5d2d0669ee35f1004ca1039a"" data-shogun-page-version-id=""5d2d0669ee35f1004ca1039b"" data-shogun-platform-type=""shopify"" data-shogun-variant-id=""5d2d0669ee35f1004ca103a1"" data-region=""main"">
<div id=""s-2545b4e8-dfd9-4dc6-a408-8b2f6378734f"">
<div data-region=""main"" data-shogun-variant-id=""5d2d0669ee35f1004ca103a1"" data-shogun-platform-type=""shopify"" data-shogun-page-version-id=""5d2d0669ee35f1004ca1039b"" data-shogun-page-id=""5d2d0669ee35f1004ca1039a"" data-shogun-site-id=""66fc7df4-efb4-45d7-ab6b-492d70fd1bf2"" data-shogun-id=""5d2d0669ee35f1004ca1039a"" class=""shogun-root"" data-mce-fragment=""1"">
<div id=""s-2545b4e8-dfd9-4dc6-a408-8b2f6378734f"" data-mce-fragment=""1"">
<meta charset=""utf-8""> <span>Get ultra flattering shape and sculpted lift without the underwire. This is a bra that truly lives up to its name. The Zero-G Wireless Lift Up Bra’s gravity-defying design means it stays in place, lifts you up and hugs your natural curves with zero gaps. Giving all-day comfort, shape and lift, Zero-G makes feeling extra a little more everyday.<br><br>This style is designed to fit more snugly. If you prefer a less-snug band fit, we recommend sizing up using our sister size chart. </span>Unsure? Try a few sizes on at home or <a href=""https://www.wearpepper.com/pages/pepper-size-quiz"" title=""Pepper Size Quiz"" data-mce-fragment=""1"" data-mce-href=""https://www.wearpepper.com/pages/pepper-size-quiz"">take our size quiz</a>.</div>
</div>
<div data-region=""main"" data-shogun-variant-id=""5d2d0669ee35f1004ca103a1"" data-shogun-platform-type=""shopify"" data-shogun-page-version-id=""5d2d0669ee35f1004ca1039b"" data-shogun-page-id=""5d2d0669ee35f1004ca1039a"" data-shogun-site-id=""66fc7df4-efb4-45d7-ab6b-492d70fd1bf2"" data-shogun-id=""5d2d0669ee35f1004ca1039a"" class=""shogun-root"" data-mce-fragment=""1"">
<div data-mce-fragment=""1"">
<br data-mce-fragment=""1"">
<p data-pm-slice=""1 1 []"" data-mce-fragment=""1"">Materials: <br>Body: <strong>75% Polyamide, 25% Elastane.</strong><br><br>Made sustainably in Colombia. <span data-mce-fragment=""1"">OEKO-TEX</span><strong data-mce-fragment=""1"">®<span data-mce-fragment=""1""> </span></strong><span data-mce-fragment=""1"">certified.</span></p>
</div>
</div>
</div>
</div>","Prointimo","Bra","bestseller, Bestsellers Collection, BFCM24, BFCM_2023, bra_upsell, card_description: Our innovative wireless lift up bra for ultimate lift and maximum comfort, Color_Ecru: #F2EAE2, faq_liftup, FW23, label_NEW STYLE_#9b2728, LDW24, marketing_promo_core, mastectomy, Memorial Day 2024, new_arrivals, no_upsell_discount, product_upsell_smooth-lace-bikini-ecru, promo_eligible, push up, push up bra, size_chart, visible","2023-09-15T09:26:15-06:00","Size","30A","Color","Ecru","Style","Ecru","ZGW01EC30A",91,"shopify",,"deny","manual","65.00","0.00",,true,"840376404664","https://cdn.shopify.com/s/files/1/1951/2903/files/elenamudd_ecru_zerog_1808.jpg?v=1702943307",1,,,,"lb","PC040152",
"zero-g-wirefree-lift-up-bra-ecru",,,,,,,"Size","30A","Color","Ecru","Style","Ecru","BRA035EC30A",91,"shopify",,"deny","manual","65.00","0.00",,true,"840376419026","https://cdn.shopify.com/s/files/1/1951/2903/files/elenamudd_ecru_zerog_1800.jpg?v=1702943316",2,,,,"lb","PC040152",
"zero-g-wirefree-lift-up-bra-ecru",,,,,,,"Size","30B","Color","Ecru","Style","Ecru","ZGW01EC30B",91,"shopify",,"deny","manual","65.00","0.00",,true,"840376404671","https://cdn.shopify.com/s/files/1/1951/2903/files/elenamudd_ecru_zerog_1829.jpg?v=1702943308",3,,,,"lb","PC040152",
"zero-g-wirefree-lift-up-bra-ecru",,,,,,,"Size","30B","Color","Ecru","Style","Ecru","BRA035EC30B",91,"shopify",,"deny","manual","65.00","0.00",,true,"840376419033","https://cdn.shopify.com/s/files/1/1951/2903/files/elenamudd_ecru_zerog_1842.jpg?v=1702943311",4,,,,"lb","PC040152",
"zero-g-wirefree-lift-up-bra-ecru",,,,,,,"Size","32A","Color","Ecru","Style","Ecru","ZGW01EC32A",91,"shopify",,"deny","manual","65.00","0.00",,true,"840376404688","https://cdn.shopify.com/s/files/1/1951/2903/files/ZERO-GWIREFREELIFT-UPBRA_8469fd20-e553-4054-bb8c-c51f7518bb82.jpg?v=1732051598",5,,,,"lb","PC040152",
"zero-g-wirefree-lift-up-bra-ecru",,,,,,,"Size","32A","Color","Ecru","Style","Ecru","BRA035EC32A",91,"shopify",,"deny","manual","65.00","0.00",,true,"840376419040",,,,,,"lb","PC040152",
"zero-g-wirefree-lift-up-bra-ecru",,,,,,,"Size","32AA","Color","Ecru","Style","Ecru","ZGW01EC32AA",91,"shopify",,"deny","manual","65.00","0.00",,true,"840376404695",,,,,,"lb","PC040152",
"zero-g-wirefree-lift-up-bra-ecru",,,,,,,"Size","32AA","Color","Ecru","Style","Ecru","BRA035EC32AA",91,"shopify",,"deny","manual","65.00","0.00",,true,"840376419057",,,,,,"lb","PC040152",
"zero-g-wirefree-lift-up-bra-ecru",,,,,,,"Size","32B","Color","Ecru","Style","Ecru","ZGW01EC32B",91,"shopify",,"deny","manual","65.00","0.00",,true,"840376404701",,,,,,"lb","PC040152",
"zero-g-wirefree-lift-up-bra-ecru",,,,,,,"Size","32B","Color","Ecru","Style","Ecru","BRA035EC32B",91,"shopify",,"deny","manual","65.00","0.00",,true,"840376419064",,,,,,"lb","PC040152",
"zero-g-wirefree-lift-up-bra-ecru",,,,,,,"Size","34A","Color","Ecru","Style","Ecru","ZGW01EC34A",91,"shopify",,"deny","manual","65.00","0.00",,true,"840376404718",,,,,,"lb","PC040152",
"zero-g-wirefree-lift-up-bra-ecru",,,,,,,"Size","34A","Color","Ecru","Style","Ecru","BRA035EC34A",91,"shopify",,"deny","manual","65.00","0.00",,true,"840376419071",,,,,,"lb","PC040152",
"zero-g-wirefree-lift-up-bra-ecru",,,,,,,"Size","34AA","Color","Ecru","Style","Ecru","ZGW01EC34AA",91,"shopify",,"deny","manual","65.00","0.00",,true,"840376404725",,,,,,"lb","PC040152",
"zero-g-wirefree-lift-up-bra-ecru",,,,,,,"Size","34AA","Color","Ecru","Style","Ecru","BRA035EC34AA",91,"shopify",,"deny","manual","65.00","0.00",,true,"840376419088",,,,,,"lb","PC040152",
"zero-g-wirefree-lift-up-bra-ecru",,,,,,,"Size","34B","Color","Ecru","Style","Ecru","ZGW01EC34B",91,"shopify",,"deny","manual","65.00","0.00",,true,"840376404732",,,,,,"lb","PC040152",
"zero-g-wirefree-lift-up-bra-ecru",,,,,,,"Size","34B","Color","Ecru","Style","Ecru","BRA035EC34B",91,"shopify",,"deny","manual","65.00","0.00",,true,"840376419095",,,,,,"lb","PC040152",
"zero-g-wirefree-lift-up-bra-ecru",,,,,,,"Size","36A","Color","Ecru","Style","Ecru","ZGW01EC36A",91,"shopify",,"deny","manual","65.00","0.00",,true,"840376404749",,,,,,"lb","PC040152",
"zero-g-wirefree-lift-up-bra-ecru",,,,,,,"Size","36A","Color","Ecru","Style","Ecru","BRA035EC36A",91,"shopify",,"deny","manual","65.00","0.00",,true,"840376419101",,,,,,"lb","PC040152",
"zero-g-wirefree-lift-up-bra-ecru",,,,,,,"Size","36AA","Color","Ecru","Style","Ecru","ZGW01EC36AA",91,"shopify",,"deny","manual","65.00","0.00",,true,"840376404756",,,,,,"lb","PC040152",
"zero-g-wirefree-lift-up-bra-ecru",,,,,,,"Size","36AA","Color","Ecru","Style","Ecru","BRA035EC36AA",91,"shopify",,"deny","manual","65.00","0.00",,true,"840376419118",,,,,,"lb","PC040152",
"zero-g-wirefree-lift-up-bra-ecru",,,,,,,"Size","36B","Color","Ecru","Style","Ecru","ZGW01EC36B",91,"shopify",,"deny","manual","65.00","0.00",,true,"840376404763",,,,,,"lb","PC040152",
"zero-g-wirefree-lift-up-bra-ecru",,,,,,,"Size","36B","Color","Ecru","Style","Ecru","BRA035EC36B",91,"shopify",,"deny","manual","65.00","0.00",,true,"840376419125",,,,,,"lb","PC040152",
"zero-g-wirefree-lift-up-bra-ecru",,,,,,,"Size","38A","Color","Ecru","Style","Ecru","ZGW01EC38A",91,"shopify",,"deny","manual","65.00","0.00",,true,"840376404770",,,,,,"lb","PC040152",
"zero-g-wirefree-lift-up-bra-ecru",,,,,,,"Size","38A","Color","Ecru","Style","Ecru","BRA035EC38A",91,"shopify",,"deny","manual","65.00","0.00",,true,"840376419132",,,,,,"lb","PC040152",
"zero-g-wirefree-lift-up-bra-ecru",,,,,,,"Size","38AA","Color","Ecru","Style","Ecru","ZGW01EC38AA",91,"shopify",,"deny","manual","65.00","0.00",,true,"840376404787",,,,,,"lb","PC040152",
"zero-g-wirefree-lift-up-bra-ecru",,,,,,,"Size","38AA","Color","Ecru","Style","Ecru","BRA035EC38AA",91,"shopify",,"deny","manual","65.00","0.00",,true,"840376419149",,,,,,"lb","PC040152",
"zero-g-wirefree-lift-up-bra-ecru",,,,,,,"Size","38B","Color","Ecru","Style","Ecru","ZGW01EC38B",91,"shopify",,"deny","manual","65.00","0.00",,true,"840376404794",,,,,,"lb","PC040152",
"zero-g-wirefree-lift-up-bra-ecru",,,,,,,"Size","38B","Color","Ecru","Style","Ecru","BRA035EC38B",91,"shopify",,"deny","manual","65.00","0.00",,true,"840376419156",,,,,,"lb","PC040152",
"zero-g-wirefree-lift-up-bra-ecru",,,,,,,"Size","40A","Color","Ecru","Style","Ecru","ZGW01EC40A",91,"shopify",,"deny","manual","65.00","0.00",,true,"840376404800",,,,,,"lb","PC040152",
"zero-g-wirefree-lift-up-bra-ecru",,,,,,,"Size","40A","Color","Ecru","Style","Ecru","BRA035EC40A",91,"shopify",,"deny","manual","65.00","0.00",,true,"840376419163",,,,,,"lb","PC040152",
"zero-g-wirefree-lift-up-bra-ecru",,,,,,,"Size","40AA","Color","Ecru","Style","Ecru","ZGW01EC40AA",91,"shopify",,"deny","manual","65.00","0.00",,true,"840376404817",,,,,,"lb","PC040152",
"zero-g-wirefree-lift-up-bra-ecru",,,,,,,"Size","40AA","Color","Ecru","Style","Ecru","BRA035EC40AA",91,"shopify",,"deny","manual","65.00","0.00",,true,"840376419170",,,,,,"lb","PC040152",
"zero-g-wirefree-lift-up-bra-ecru",,,,,,,"Size","40B","Color","Ecru","Style","Ecru","ZGW01EC40B",91,"shopify",,"deny","manual","65.00","0.00",,true,"840376404824",,,,,,"lb","PC040152",
"zero-g-wirefree-lift-up-bra-ecru",,,,,,,"Size","40B","Color","Ecru","Style","Ecru","BRA035EC40B",91,"shopify",,"deny","manual","65.00","0.00",,true,"840376419187",,,,,,"lb","PC040152",
"zero-g-wirefree-lift-up-bra-ecru",,,,,,,"Size","42A","Color","Ecru","Style","Ecru","ZGW01EC42A",91,"shopify",,"deny","manual","65.00","0.00",,true,"840376404831",,,,,,"lb","PC040152",
"zero-g-wirefree-lift-up-bra-ecru",,,,,,,"Size","42A","Color","Ecru","Style","Ecru","BRA035EC42A",91,"shopify",,"deny","manual","65.00","0.00",,true,"840376419194",,,,,,"lb","PC040152",
"limitless-wirefree-scoop-bra-buff","Limitless Wirefree Scoop Bra Buff","<p><span data-mce-fragment=""1"">Our versatile wirefree bra that finally provides both lift and coverage. Made with an optimized amount of special ultra soft fabric, this wirefree bra has just enough to hug your boobs like the perfect pair of yoga pants. Stretch, dance, work, play – you can do whatever you want in it. It dresses up with a skirt or dresses down with sweatpants. You can wear it peeking through a shirt when you go out or throw it on to do yoga in when you work out. There's so many ways to style it. </span></p>
<p><span style=""font-weight: 400;"" data-mce-style=""font-weight: 400;"">Fits true to size. Sizing:<br><strong>XXS </strong>(30A, 30B),<strong> XS</strong> (32AA, 32A, 32B), <strong>S</strong> (34AA, 34A, 34B), <strong>M</strong> (36AA, 36A 36B), <strong>L</strong> (38AA, 38A, 38B), <strong>XL</strong> (40AA, 40A). <br></span></p>
<p><meta charset=""utf-8""><span>Materials: <br></span><meta charset=""utf-8""><span data-mce-fragment=""1"">Body: <strong>75% Elastane, 25% Polyamide</strong>. OEKO-TEX<strong data-mce-fragment=""1"">® </strong>certified.<br>Mesh: <strong>96% Polyamide, 4% Elastane.</strong><br><br></span><span>Made sustainably in Sri Lanka and Colombia.</span></p>
<ul></ul>
<ul style=""font-weight: 400;"" data-mce-style=""font-weight: 400;""></ul>","MAS","Bra","bestseller, Bestsellers Collection, BFCM24, BFCM_2023, card_description: Our versatile wirefree bra that finally provides both lift and coverage, Color_Buff: #DCC5B7, hide_upsell_in_pdp, is_product_upsell, LDW23, LDW24, limitless, marketing_promo_core, mastectomy, Memorial Day 2024, Mix&Match, no-before-after, no_upsell_discount, product_upsell_fine_mesh_hipster_buff, promo_eligible, show_parent_product, size_chart_wirefree, STARTERKIT, Summer Favorites Edit, swatches_selection, swatches_selection_unset, visible","2024-02-20T10:03:56-07:00","Size","XXS","Color","Buff",,,"LWB02BUXXS",91,"shopify",,"deny","manual","50.00","0.00",,true,"840376406903","https://cdn.shopify.com/s/files/1/1951/2903/files/LimitlessWirefreeScoopBraBuffPepper.jpg?v=1730322993",1,,,,"lb","PC040152",
"limitless-wirefree-scoop-bra-buff",,,,,,,"Size","XS","Color","Buff",,,"LWB02BUXS",91,"shopify",,"deny","manual","50.00","0.00",,true,"840376406910","https://cdn.shopify.com/s/files/1/1951/2903/files/20230912_PEPPER_ECOMM_BUFF_LWB_SAND_SMOOTHLACEBIKINITHONG_0083.jpg?v=1712696743",2,,,,"lb","PC040152",
"limitless-wirefree-scoop-bra-buff",,,,,,,"Size","S","Color","Buff",,,"LWB02BUSM",91,"shopify",,"deny","manual","50.00","0.00",,true,"840376406927","https://cdn.shopify.com/s/files/1/1951/2903/files/20230912_PEPPER_ECOMM_BUFF_LWB_SAND_SMOOTHLACEBIKINITHONG_0114.jpg?v=1712696730",3,,,,"lb","PC040152",
"limitless-wirefree-scoop-bra-buff",,,,,,,"Size","M","Color","Buff",,,"LWB02BUME",91,"shopify",,"deny","manual","50.00","0.00",,true,"840376406934","https://cdn.shopify.com/s/files/1/1951/2903/files/20230912_PEPPER_ECOMM_BUFF_LWB_SAND_SMOOTHLACEBIKINITHONG_0021.jpg?v=1712696709",4,,,,"lb","PC040152",
"limitless-wirefree-scoop-bra-buff",,,,,,,"Size","L","Color","Buff",,,"LWB02BULA",91,"shopify",,"deny","manual","50.00","0.00",,true,"840376406941","https://cdn.shopify.com/s/files/1/1951/2903/files/LIMITLESSWIREFREESCOOPBRA.jpg?v=1732051239",5,,,,"lb","PC040152",
"limitless-wirefree-scoop-bra-buff",,,,,,,"Size","XL","Color","Buff",,,"LWB02BUXL",91,"shopify",,"deny","manual","50.00","0.00",,true,"840376406958",,,,,,"lb","PC040152",
"mvp-multiway-strapless-bra-sand","MVP Multiway Strapless Bra Sand","<div class=""shogun-root"" data-shogun-id=""5d2d0669ee35f1004ca1039a"" data-shogun-site-id=""66fc7df4-efb4-45d7-ab6b-492d70fd1bf2"" data-shogun-page-id=""5d2d0669ee35f1004ca1039a"" data-shogun-page-version-id=""5d2d0669ee35f1004ca1039b"" data-shogun-platform-type=""shopify"" data-shogun-variant-id=""5d2d0669ee35f1004ca103a1"" data-region=""main"">
<div id=""s-2545b4e8-dfd9-4dc6-a408-8b2f6378734f"">
<p data-pm-slice=""1 1 []"">A strapless bra you can always count on, finally designed for AA, A, B cups. Our first ever strapless bra is an MVP for a reason — with convertible multiway bra straps for versatility and flattering balconette cups that reliably give you lift, it's fit for any and every occasion. Score.</p>
<p data-pm-slice=""1 1 []"">Fits true to size. We recommend your usual bra size. Unsure? Try a few sizes on at home or <a href=""https://wearpepper.typeform.com/to/Ldrmi9"" title=""Pepper Size Quiz"" aria-describedby=""a11y-new-window-external-message"" data-mce-fragment=""1"" data-mce-href=""https://wearpepper.typeform.com/to/Ldrmi9"" target=""_blank"">take our Size Quiz</a>. </p>
<p data-pm-slice=""1 1 []"">Materials:<br>Body: <strong>93% Polyamide, 7% Elastane.</strong> <br>Mesh: <strong>82% Polyamide, 18% Elastane.</strong> <br>Silicone no-slip strip.<br><br>Made sustainably in Colombia. <span data-mce-fragment=""1"">OEKO-TEX</span><strong data-mce-fragment=""1"">®<span data-mce-fragment=""1""> </span></strong><span data-mce-fragment=""1"">certified.</span></p>
</div>
</div>","Prointimo","Bra","bestseller, BFCM24, BFCM_2023, Color_Sand: #E9D4C3, hide_if_not_available, label_BEST SELLER_#9b2728, LDW24, marketing_promo_core, mastercolor, Memorial Day 2024, no_upsell_discount, PDAY23, product_upsell_mesh-all-you-hipster-sand, promo_eligible, size_chart, swatches_selection, visible","2023-08-01T08:30:32-06:00","Size","30A","Color","Sand",,,"STL01SD30A",91,"shopify",,"deny","manual","60.00","0.00",,true,"840376400024","https://cdn.shopify.com/s/files/1/1951/2903/files/elenamudd_Sand_MVP_2515.png?v=1728422556",1,,,,"lb","PC040152",
"mvp-multiway-strapless-bra-sand",,,,,,,"Size","30B","Color","Sand",,,"STL01SD30B",91,"shopify",,"deny","manual","60.00","0.00",,true,"840376400031","https://cdn.shopify.com/s/files/1/1951/2903/files/elenamudd_Sand_MVP_2545.jpg?v=1702946347",2,,,,"lb","PC040152",
"mvp-multiway-strapless-bra-sand",,,,,,,"Size","32A","Color","Sand",,,"STL01SD32A",91,"shopify",,"deny","manual","60.00","0.00",,true,"840376400048","https://cdn.shopify.com/s/files/1/1951/2903/files/elenamudd_Sand_MVP_2487.jpg?v=1702946366",3,,,,"lb","PC040152",
"mvp-multiway-strapless-bra-sand",,,,,,,"Size","32AA","Color","Sand",,,"STL01SD32AA",91,"shopify",,"deny","manual","60.00","0.00",,true,"840376400055","https://cdn.shopify.com/s/files/1/1951/2903/files/elenamudd_Sand_MVP_2425.jpg?v=1702946381",4,,,,"lb","PC040152",
"mvp-multiway-strapless-bra-sand",,,,,,,"Size","32B","Color","Sand",,,"STL01SD32B",91,"shopify",,"deny","manual","60.00","0.00",,true,"840376400062","https://cdn.shopify.com/s/files/1/1951/2903/files/MVPMULTIWAYSTRAPLESSBRA_015a23c2-09fc-461e-ab3c-2e85b519d58d.jpg?v=1732051363",5,,,,"lb","PC040152",
"mvp-multiway-strapless-bra-sand",,,,,,,"Size","34A","Color","Sand",,,"STL01SD34A",91,"shopify",,"deny","manual","60.00","0.00",,true,"840376400079",,,,,,"lb","PC040152",
"mvp-multiway-strapless-bra-sand",,,,,,,"Size","34AA","Color","Sand",,,"STL01SD34AA",91,"shopify",,"deny","manual","60.00","0.00",,true,"840376400086",,,,,,"lb","PC040152",
"mvp-multiway-strapless-bra-sand",,,,,,,"Size","34B","Color","Sand",,,"STL01SD34B",91,"shopify",,"deny","manual","60.00","0.00",,true,"840376400093",,,,,,"lb","PC040152",
"mvp-multiway-strapless-bra-sand",,,,,,,"Size","36A","Color","Sand",,,"STL01SD36A",91,"shopify",,"deny","manual","60.00","0.00",,true,"840376400109",,,,,,"lb","PC040152",
"mvp-multiway-strapless-bra-sand",,,,,,,"Size","36AA","Color","Sand",,,"STL01SD36AA",91,"shopify",,"deny","manual","60.00","0.00",,true,"840376400116",,,,,,"lb","PC040152",
"mvp-multiway-strapless-bra-sand",,,,,,,"Size","36B","Color","Sand",,,"STL01SD36B",91,"shopify",,"deny","manual","60.00","0.00",,true,"840376400123",,,,,,"lb","PC040152",
"mvp-multiway-strapless-bra-sand",,,,,,,"Size","38A","Color","Sand",,,"STL01SD38A",91,"shopify",,"deny","manual","60.00","0.00",,true,"840376400130",,,,,,"lb","PC040152",
"mvp-multiway-strapless-bra-sand",,,,,,,"Size","38AA","Color","Sand",,,"STL01SD38AA",91,"shopify",,"deny","manual","60.00","0.00",,true,"840376400147",,,,,,"lb","PC040152",
"mvp-multiway-strapless-bra-sand",,,,,,,"Size","38B","Color","Sand",,,"STL01SD38B",91,"shopify",,"deny","manual","60.00","0.00",,true,"840376400154",,,,,,"lb","PC040152",
"mvp-multiway-strapless-bra-sand",,,,,,,"Size","40A","Color","Sand",,,"STL01SD40A",91,"shopify",,"deny","manual","60.00","0.00",,true,"840376400161",,,,,,"lb","PC040152",
"mvp-multiway-strapless-bra-sand",,,,,,,"Size","40AA","Color","Sand",,,"STL01SD40AA",91,"shopify",,"deny","manual","60.00","0.00",,true,"840376400178",,,,,,"lb","PC040152",
"mvp-multiway-strapless-bra-sand",,,,,,,"Size","40B","Color","Sand",,,"STL01SD40B",91,"shopify",,"deny","manual","60.00","0.00",,true,"840376400185",,,,,,"lb","PC040152",
"mvp-multiway-strapless-bra-sand",,,,,,,"Size","42A","Color","Sand",,,"STL01SD42A",91,"shopify",,"deny","manual","60.00","0.00",,true,"840376400192",,,,,,"lb","PC040152",